NumTopics,Coherence
2,-5.29673637381279
3,-4.9704078302775345
4,-6.650253775894601
5,-6.433506123553353
6,-6.1801653573907664
7,-6.438849245645078
8,-6.089799110838466
9,-6.355321231796876
10,-6.101230806434918
11,-6.1688998855683055
12,-6.048775404718164
13,-6.377383708313641
14,-6.844096297420911
15,-6.570292933527339
